{"cameraMode":{"drawMode":0,"name":"Shaded","section":"Shading Mode"},"sceneLighting":true,"audioPlay":false,"sceneViewState":{"showFog":true,"showMaterialUpdate":false,"showSkybox":true,"showFlares":true,"showImageEffects":true,"showParticleSystems":true},"in2DMode":false,"pivot":{"x":26.07396697998047,"y":1.6522386074066163,"z":13.042667388916016},"rotation":{"x":-0.0019012601114809514,"y":-0.9974709749221802,"z":0.06623827666044235,"w":-0.028134353458881379},"size":0.9088131785392761,"orthographic":false}