{"cameraMode":{"drawMode":0,"name":"Shaded","section":"Shading Mode"},"sceneLighting":true,"audioPlay":false,"sceneViewState":{"showFog":true,"showMaterialUpdate":false,"showSkybox":true,"showFlares":true,"showImageEffects":true,"showParticleSystems":true},"in2DMode":false,"pivot":{"x":24.679880142211915,"y":0.48000001907348635,"z":11.565821647644043},"rotation":{"x":-0.004653423558920622,"y":0.9741872549057007,"z":-0.22482338547706605,"w":-0.020167972892522813},"size":2.598076105117798,"orthographic":false}