{"cameraMode":{"drawMode":0,"name":"Shaded","section":"Shading Mode"},"sceneLighting":true,"audioPlay":false,"sceneViewState":{"showFog":true,"showMaterialUpdate":false,"showSkybox":true,"showFlares":true,"showImageEffects":true,"showParticleSystems":true},"in2DMode":false,"pivot":{"x":14.436718940734864,"y":1.8951877355575562,"z":30.81859588623047},"rotation":{"x":0.2038869708776474,"y":0.38556742668151858,"z":-0.08772238343954086,"w":0.8956395387649536},"size":9.9097261428833,"orthographic":false}