{"cameraMode":{"drawMode":0,"name":"Shaded","section":"Shading Mode"},"sceneLighting":true,"audioPlay":false,"sceneViewState":{"showFog":true,"showMaterialUpdate":false,"showSkybox":true,"showFlares":true,"showImageEffects":true,"showParticleSystems":true},"in2DMode":false,"pivot":{"x":24.679880142211915,"y":0.48000001907348635,"z":11.565821647644043},"rotation":{"x":-0.021771831437945367,"y":0.9775493144989014,"z":-0.12860721349716187,"w":-0.16548840701580048},"size":2.598076105117798,"orthographic":false}